timestamp,value
2025-01-13T03:58:40Z,1
2025-01-13T03:59:40Z,0
2025-01-13T04:00:40Z,1
2025-01-13T04:01:40Z,0
2025-01-13T04:02:40Z,1
2025-01-13T04:03:40Z,0
2025-01-13T04:04:40Z,1
2025-01-13T04:05:40Z,0
2025-01-13T04:06:40Z,1
2025-01-13T04:07:40Z,0
2025-01-13T04:08:40Z,1
2025-01-13T04:09:40Z,0
2025-01-13T04:10:40Z,1
2025-01-13T04:11:40Z,0
2025-01-13T04:12:40Z,1
2025-01-13T04:13:40Z,0
2025-01-13T04:14:40Z,1
2025-01-13T04:15:40Z,0
2025-01-13T04:16:40Z,1
2025-01-13T04:17:40Z,0
2025-01-13T04:18:40Z,1
2025-01-13T04:19:40Z,0
2025-01-13T04:20:40Z,1
2025-01-13T04:21:40Z,0
2025-01-13T04:22:40Z,1
2025-01-13T04:23:40Z,0
2025-01-13T04:24:40Z,1
2025-01-13T04:25:40Z,0
2025-01-13T04:26:40Z,1
2025-01-13T04:27:40Z,0
2025-01-13T04:28:40Z,1
2025-01-13T04:29:40Z,0
2025-01-13T04:30:40Z,1
2025-01-13T04:31:40Z,0
2025-01-13T04:32:40Z,1
2025-01-13T04:33:40Z,0
2025-01-13T04:34:40Z,1
2025-01-13T04:35:40Z,0
2025-01-13T04:36:40Z,1
2025-01-13T04:37:40Z,0
2025-01-13T04:38:40Z,1
2025-01-13T04:39:40Z,0
2025-01-13T04:40:40Z,1
2025-01-13T04:41:40Z,0
2025-01-13T04:42:40Z,1
2025-01-13T04:43:40Z,0
2025-01-13T04:44:40Z,1
2025-01-13T04:45:40Z,0
2025-01-13T04:46:40Z,1
2025-01-13T04:47:40Z,0
2025-01-13T04:48:40Z,1
2025-01-13T04:49:40Z,0
2025-01-13T04:50:40Z,1
2025-01-13T04:51:40Z,0
2025-01-13T04:52:40Z,1
2025-01-13T04:53:40Z,0
2025-01-13T04:54:40Z,1
2025-01-13T04:55:40Z,0
2025-01-13T04:56:40Z,1
2025-01-13T04:57:40Z,0
2025-01-13T04:58:40Z,1
2025-01-13T04:59:40Z,0
2025-01-13T05:00:40Z,1
2025-01-13T05:01:40Z,0
2025-01-13T05:02:40Z,1
2025-01-13T05:03:40Z,0
2025-01-13T05:04:40Z,1
2025-01-13T05:05:40Z,0
2025-01-13T05:06:40Z,1
2025-01-13T05:07:40Z,0
2025-01-13T05:08:40Z,1
2025-01-13T05:09:40Z,0
2025-01-13T05:10:40Z,1
2025-01-13T05:11:40Z,0
2025-01-13T05:12:40Z,1
2025-01-13T05:13:40Z,0
2025-01-13T05:14:40Z,1
2025-01-13T05:15:40Z,0
2025-01-13T05:16:40Z,1
2025-01-13T05:17:40Z,0
2025-01-13T05:18:40Z,1
2025-01-13T05:19:40Z,0
2025-01-13T05:20:40Z,1
2025-01-13T05:21:40Z,0
2025-01-13T05:22:40Z,1
2025-01-13T05:23:40Z,0
2025-01-13T05:24:40Z,1
2025-01-13T05:25:40Z,0
2025-01-13T05:26:40Z,1
2025-01-13T05:27:40Z,0
2025-01-13T05:28:40Z,1
2025-01-13T05:29:40Z,0
2025-01-13T05:30:40Z,1
2025-01-13T05:31:40Z,0
2025-01-13T05:32:40Z,1
2025-01-13T05:33:40Z,0
2025-01-13T05:34:40Z,1
2025-01-13T05:35:40Z,0
2025-01-13T05:36:40Z,1
2025-01-13T05:37:40Z,0
2025-01-13T05:38:40Z,1
2025-01-13T05:39:40Z,0
2025-01-13T05:40:40Z,1
2025-01-13T05:41:40Z,0
2025-01-13T05:42:40Z,1
2025-01-13T05:43:40Z,0
2025-01-13T05:44:40Z,1
2025-01-13T05:45:40Z,0
2025-01-13T05:46:40Z,1
2025-01-13T05:47:40Z,0
2025-01-13T05:48:40Z,1
2025-01-13T05:49:40Z,0
2025-01-13T05:50:40Z,1
2025-01-13T05:51:40Z,0
2025-01-13T05:52:40Z,1
2025-01-13T05:53:40Z,0
2025-01-13T05:54:40Z,1
2025-01-13T05:55:40Z,0
2025-01-13T05:56:40Z,1
2025-01-13T05:57:40Z,0
2025-01-13T05:58:40Z,1
2025-01-13T05:59:40Z,0
2025-01-13T06:00:40Z,1
2025-01-13T06:01:40Z,0
2025-01-13T06:02:40Z,1
2025-01-13T06:03:40Z,0
2025-01-13T06:04:40Z,1
2025-01-13T06:05:40Z,0
2025-01-13T06:06:40Z,1
2025-01-13T06:07:40Z,0
2025-01-13T06:08:40Z,1
2025-01-13T06:09:40Z,0
2025-01-13T06:10:40Z,1
2025-01-13T06:11:40Z,0
2025-01-13T06:12:40Z,1
2025-01-13T06:13:40Z,0
2025-01-13T06:14:40Z,1
2025-01-13T06:15:40Z,0
2025-01-13T06:16:40Z,1
2025-01-13T06:17:40Z,0
2025-01-13T06:18:40Z,1
2025-01-13T06:19:40Z,0
2025-01-13T06:20:40Z,1
2025-01-13T06:21:40Z,0
2025-01-13T06:22:40Z,1
2025-01-13T06:23:40Z,0
2025-01-13T06:24:40Z,1
2025-01-13T06:25:40Z,0
2025-01-13T06:26:40Z,1
2025-01-13T06:27:40Z,0
2025-01-13T06:28:40Z,1
2025-01-13T06:29:40Z,0
2025-01-13T06:30:40Z,1
2025-01-13T06:31:40Z,0
2025-01-13T06:32:40Z,1
2025-01-13T06:33:40Z,0
2025-01-13T06:34:40Z,1
2025-01-13T06:35:40Z,0
2025-01-13T06:36:40Z,1
2025-01-13T06:37:40Z,0
2025-01-13T06:38:40Z,1
2025-01-13T06:39:40Z,0
2025-01-13T06:40:40Z,1
2025-01-13T06:41:40Z,0
2025-01-13T06:42:40Z,1
2025-01-13T06:43:40Z,0
2025-01-13T06:44:40Z,1
2025-01-13T06:45:40Z,0
2025-01-13T06:46:40Z,1
2025-01-13T06:47:40Z,0
2025-01-13T06:48:40Z,1
2025-01-13T06:49:40Z,0
2025-01-13T06:50:40Z,1
2025-01-13T06:51:40Z,0
2025-01-13T06:52:40Z,1
2025-01-13T06:53:40Z,0
2025-01-13T06:54:40Z,1
2025-01-13T06:55:40Z,0
2025-01-13T06:56:40Z,1
2025-01-13T06:57:40Z,0
2025-01-13T06:58:40Z,1
2025-01-13T06:59:40Z,0
2025-01-13T07:00:40Z,1
2025-01-13T07:01:40Z,0
2025-01-13T07:02:40Z,1
2025-01-13T07:03:40Z,0
2025-01-13T07:04:40Z,1
2025-01-13T07:05:40Z,0
2025-01-13T07:06:40Z,1
2025-01-13T07:07:40Z,0
2025-01-13T07:08:40Z,1
2025-01-13T07:09:40Z,0
2025-01-13T07:10:40Z,1
2025-01-13T07:11:40Z,0
2025-01-13T07:12:40Z,1
2025-01-13T07:13:40Z,0
2025-01-13T07:14:40Z,1
2025-01-13T07:15:40Z,0
2025-01-13T07:16:40Z,1
2025-01-13T07:17:40Z,0
2025-01-13T07:18:40Z,1
2025-01-13T07:19:40Z,0
2025-01-13T07:20:40Z,1
2025-01-13T07:21:40Z,0
2025-01-13T07:22:40Z,1
2025-01-13T07:23:40Z,0
2025-01-13T07:24:40Z,1
2025-01-13T07:25:40Z,0
2025-01-13T07:26:40Z,1
2025-01-13T07:27:40Z,0
2025-01-13T07:28:40Z,1
2025-01-13T07:29:40Z,0
2025-01-13T07:30:40Z,1
2025-01-13T07:31:40Z,0
2025-01-13T07:32:40Z,1
2025-01-13T07:33:40Z,0
2025-01-13T07:34:40Z,1
2025-01-13T07:35:40Z,0
2025-01-13T07:36:40Z,1
2025-01-13T07:37:40Z,0
2025-01-13T07:38:40Z,1
2025-01-13T07:39:40Z,0
2025-01-13T07:40:40Z,1
2025-01-13T07:41:40Z,0
2025-01-13T07:42:40Z,1
2025-01-13T07:43:40Z,0
2025-01-13T07:44:40Z,1
2025-01-13T07:45:40Z,0
2025-01-13T07:46:40Z,1
2025-01-13T07:47:40Z,0
2025-01-13T07:48:40Z,1
2025-01-13T07:49:40Z,0
2025-01-13T07:50:40Z,1
2025-01-13T07:51:40Z,0
2025-01-13T07:52:40Z,1
2025-01-13T07:53:40Z,0
2025-01-13T07:54:40Z,1
2025-01-13T07:55:40Z,0
2025-01-13T07:56:40Z,1
2025-01-13T07:57:40Z,0
2025-01-13T07:58:40Z,1
2025-01-13T07:59:40Z,0
2025-01-13T08:00:40Z,1
2025-01-13T08:01:40Z,0
2025-01-13T08:02:40Z,1
2025-01-13T08:03:40Z,0
2025-01-13T08:04:40Z,1
2025-01-13T08:05:40Z,0
2025-01-13T08:06:40Z,1
2025-01-13T08:07:40Z,0
2025-01-13T08:08:40Z,1
2025-01-13T08:09:40Z,0
2025-01-13T08:10:40Z,1
2025-01-13T08:11:40Z,0
2025-01-13T08:12:40Z,1
2025-01-13T08:13:40Z,0
2025-01-13T08:14:40Z,1
2025-01-13T08:15:40Z,0
2025-01-13T08:16:40Z,1
2025-01-13T08:17:40Z,0
2025-01-13T08:18:40Z,1
2025-01-13T08:19:40Z,0
2025-01-13T08:20:40Z,1
2025-01-13T08:21:40Z,0
2025-01-13T08:22:40Z,1
2025-01-13T08:23:40Z,0
2025-01-13T08:24:40Z,1
2025-01-13T08:25:40Z,0
2025-01-13T08:26:40Z,1
2025-01-13T08:27:40Z,0
2025-01-13T08:28:40Z,1
2025-01-13T08:29:40Z,0
2025-01-13T08:30:40Z,1
2025-01-13T08:31:40Z,0
2025-01-13T08:32:40Z,1
2025-01-13T08:33:40Z,0
2025-01-13T08:34:40Z,1
2025-01-13T08:35:40Z,0
2025-01-13T08:36:40Z,1
2025-01-13T08:37:40Z,0
2025-01-13T08:38:40Z,1
2025-01-13T08:39:40Z,0
2025-01-13T08:40:40Z,1
2025-01-13T08:41:40Z,0
2025-01-13T08:42:40Z,1
2025-01-13T08:43:40Z,0
2025-01-13T08:44:40Z,1
2025-01-13T08:45:40Z,0
2025-01-13T08:46:40Z,1
2025-01-13T08:47:40Z,0
2025-01-13T08:48:40Z,1
2025-01-13T08:49:40Z,0
2025-01-13T08:50:40Z,1
2025-01-13T08:51:40Z,0
2025-01-13T08:52:40Z,1
2025-01-13T08:53:40Z,0
2025-01-13T08:54:40Z,1
2025-01-13T08:55:40Z,0
2025-01-13T08:56:40Z,1
2025-01-13T08:57:40Z,0
2025-01-13T08:58:40Z,1
2025-01-13T08:59:40Z,0
2025-01-13T09:00:40Z,1
2025-01-13T09:01:40Z,0
2025-01-13T09:02:40Z,1
2025-01-13T09:03:40Z,0
2025-01-13T09:04:40Z,1
2025-01-13T09:05:40Z,0
2025-01-13T09:06:40Z,1
2025-01-13T09:07:40Z,0
2025-01-13T09:08:40Z,1
2025-01-13T09:09:40Z,0
2025-01-13T09:10:40Z,1
2025-01-13T09:11:40Z,0
2025-01-13T09:12:40Z,1
2025-01-13T09:13:40Z,0
2025-01-13T09:14:40Z,1
2025-01-13T09:15:40Z,0
2025-01-13T09:16:40Z,1
2025-01-13T09:17:40Z,0
2025-01-13T09:18:40Z,1
2025-01-13T09:19:40Z,0
2025-01-13T09:20:40Z,1
2025-01-13T09:21:40Z,0
2025-01-13T09:22:40Z,1
2025-01-13T09:23:40Z,0
2025-01-13T09:24:40Z,1
2025-01-13T09:25:40Z,0
2025-01-13T09:26:40Z,1
2025-01-13T09:27:40Z,0
2025-01-13T09:28:40Z,1
2025-01-13T09:29:40Z,0
2025-01-13T09:30:40Z,1
2025-01-13T09:31:40Z,0
2025-01-13T09:32:40Z,1
2025-01-13T09:33:40Z,0
2025-01-13T09:34:40Z,1
2025-01-13T09:35:40Z,0
2025-01-13T09:36:40Z,1
2025-01-13T09:37:40Z,0
2025-01-13T09:38:40Z,1
2025-01-13T09:39:40Z,0
2025-01-13T09:40:40Z,1
2025-01-13T09:41:40Z,0
2025-01-13T09:42:40Z,1
2025-01-13T09:43:40Z,0
2025-01-13T09:44:40Z,1
2025-01-13T09:45:40Z,0
2025-01-13T09:46:40Z,1
2025-01-13T09:47:40Z,0
2025-01-13T09:48:40Z,1
2025-01-13T09:49:40Z,0
2025-01-13T09:50:40Z,1
2025-01-13T09:51:40Z,0
2025-01-13T09:52:40Z,1
2025-01-13T09:53:40Z,0
2025-01-13T09:54:40Z,1
2025-01-13T09:55:40Z,0
2025-01-13T09:56:40Z,1
2025-01-13T09:57:40Z,0
2025-01-13T09:58:40Z,1
2025-01-13T09:59:40Z,0
2025-01-13T10:00:40Z,1
2025-01-13T10:01:40Z,0
2025-01-13T10:02:40Z,1
2025-01-13T10:03:40Z,0
2025-01-13T10:04:40Z,1
2025-01-13T10:05:40Z,0
2025-01-13T10:06:40Z,1
2025-01-13T10:07:40Z,0
2025-01-13T10:08:40Z,1
2025-01-13T10:09:40Z,0
2025-01-13T10:10:40Z,1
2025-01-13T10:11:40Z,0
2025-01-13T10:12:40Z,1
2025-01-13T10:13:40Z,0
2025-01-13T10:14:40Z,1
2025-01-13T10:15:40Z,0
2025-01-13T10:16:40Z,1
2025-01-13T10:17:40Z,0
2025-01-13T10:18:40Z,1
2025-01-13T10:19:40Z,0
2025-01-13T10:20:40Z,1
2025-01-13T10:21:40Z,0
2025-01-13T10:22:40Z,1
2025-01-13T10:23:40Z,0
2025-01-13T10:24:40Z,1
2025-01-13T10:25:40Z,0
2025-01-13T10:26:40Z,1
2025-01-13T10:27:40Z,0
2025-01-13T10:28:40Z,1
2025-01-13T10:29:40Z,0
2025-01-13T10:30:40Z,1
2025-01-13T10:31:40Z,0
2025-01-13T10:32:40Z,1
2025-01-13T10:33:40Z,0
2025-01-13T10:34:40Z,1
2025-01-13T10:35:40Z,0
2025-01-13T10:36:40Z,1
2025-01-13T10:37:40Z,0
2025-01-13T10:38:40Z,1
2025-01-13T10:39:40Z,0
2025-01-13T10:40:40Z,1
2025-01-13T10:41:40Z,0
2025-01-13T10:42:40Z,1
2025-01-13T10:43:40Z,0
2025-01-13T10:44:40Z,1
2025-01-13T10:45:40Z,0
2025-01-13T10:46:40Z,1
2025-01-13T10:47:40Z,0
2025-01-13T10:48:40Z,1
2025-01-13T10:49:40Z,0
2025-01-13T10:50:40Z,1
2025-01-13T10:51:40Z,0
2025-01-13T10:52:40Z,1
2025-01-13T10:53:40Z,0
2025-01-13T10:54:40Z,1
2025-01-13T10:55:40Z,0
2025-01-13T10:56:40Z,1
2025-01-13T10:57:40Z,0
2025-01-13T10:58:40Z,1
2025-01-13T10:59:40Z,0
2025-01-13T11:00:40Z,1
2025-01-13T11:01:40Z,0
2025-01-13T11:02:40Z,1
2025-01-13T11:03:40Z,0
2025-01-13T11:04:40Z,1
2025-01-13T11:05:40Z,0
2025-01-13T11:06:40Z,1
2025-01-13T11:07:40Z,0
2025-01-13T11:08:40Z,1
2025-01-13T11:09:40Z,0
2025-01-13T11:10:40Z,1
2025-01-13T11:11:40Z,0
2025-01-13T11:12:40Z,1
2025-01-13T11:13:40Z,0
2025-01-13T11:14:40Z,1
2025-01-13T11:15:40Z,0
2025-01-13T11:16:40Z,1
2025-01-13T11:17:40Z,0
2025-01-13T11:18:40Z,1
2025-01-13T11:19:40Z,0
2025-01-13T11:20:40Z,1
2025-01-13T11:21:40Z,0
2025-01-13T11:22:40Z,1
2025-01-13T11:23:40Z,0
2025-01-13T11:24:40Z,1
2025-01-13T11:25:40Z,0
2025-01-13T11:26:40Z,1
2025-01-13T11:27:40Z,0
2025-01-13T11:28:40Z,1
2025-01-13T11:29:40Z,0
2025-01-13T11:30:40Z,1
2025-01-13T11:31:40Z,0
2025-01-13T11:32:40Z,1
2025-01-13T11:33:40Z,0
2025-01-13T11:34:40Z,1
2025-01-13T11:35:40Z,0
2025-01-13T11:36:40Z,1
2025-01-13T11:37:40Z,0
2025-01-13T11:38:40Z,1
2025-01-13T11:39:40Z,0
2025-01-13T11:40:40Z,1
2025-01-13T11:41:40Z,0
2025-01-13T11:42:40Z,1
2025-01-13T11:43:40Z,0
2025-01-13T11:44:40Z,1
2025-01-13T11:45:40Z,0
2025-01-13T11:46:40Z,1
2025-01-13T11:47:40Z,0
2025-01-13T11:48:40Z,1
2025-01-13T11:49:40Z,0
2025-01-13T11:50:40Z,1
2025-01-13T11:51:40Z,0
2025-01-13T11:52:40Z,1
2025-01-13T11:53:40Z,0
2025-01-13T11:54:40Z,1
2025-01-13T11:55:40Z,0
2025-01-13T11:56:40Z,1
2025-01-13T11:57:40Z,0
2025-01-13T11:58:40Z,1
2025-01-13T11:59:40Z,0
2025-01-13T12:00:40Z,1
2025-01-13T12:01:40Z,0
2025-01-13T12:02:40Z,1
2025-01-13T12:03:40Z,0
2025-01-13T12:04:40Z,1
2025-01-13T12:05:40Z,0
2025-01-13T12:06:40Z,1
2025-01-13T12:07:40Z,0
2025-01-13T12:08:40Z,1
2025-01-13T12:09:40Z,0
2025-01-13T12:10:40Z,1
2025-01-13T12:11:40Z,0
2025-01-13T12:12:40Z,1
2025-01-13T12:13:40Z,0
2025-01-13T12:14:40Z,1
2025-01-13T12:15:40Z,0
2025-01-13T12:16:40Z,1
2025-01-13T12:17:40Z,0
2025-01-13T12:18:40Z,1
2025-01-13T12:19:40Z,0
2025-01-13T12:20:40Z,1
2025-01-13T12:21:40Z,0
2025-01-13T12:22:40Z,1
2025-01-13T12:23:40Z,0
2025-01-13T12:24:40Z,1
2025-01-13T12:25:40Z,0
2025-01-13T12:26:40Z,1
2025-01-13T12:27:40Z,0
2025-01-13T12:28:40Z,1
2025-01-13T12:29:40Z,0
2025-01-13T12:30:40Z,1
2025-01-13T12:31:40Z,0
2025-01-13T12:32:40Z,1
2025-01-13T12:33:40Z,0
2025-01-13T12:34:40Z,1
2025-01-13T12:35:40Z,0
2025-01-13T12:36:40Z,1
2025-01-13T12:37:40Z,0
2025-01-13T12:38:40Z,1
2025-01-13T12:39:40Z,0
2025-01-13T12:40:40Z,1
2025-01-13T12:41:40Z,0
2025-01-13T12:42:40Z,1
2025-01-13T12:43:40Z,0
2025-01-13T12:44:40Z,1
2025-01-13T12:45:40Z,0
2025-01-13T12:46:40Z,1
2025-01-13T12:47:40Z,0
2025-01-13T12:48:40Z,1
2025-01-13T12:49:40Z,0
2025-01-13T12:50:40Z,1
2025-01-13T12:51:40Z,0
2025-01-13T12:52:40Z,1
2025-01-13T12:53:40Z,0
2025-01-13T12:54:40Z,1
2025-01-13T12:55:40Z,0
2025-01-13T12:56:40Z,1
2025-01-13T12:57:40Z,0
2025-01-13T12:58:40Z,1
2025-01-13T12:59:40Z,0
2025-01-13T13:00:40Z,1
2025-01-13T13:01:40Z,0
2025-01-13T13:02:40Z,1
2025-01-13T13:03:40Z,0
2025-01-13T13:04:40Z,1
2025-01-13T13:05:40Z,0
2025-01-13T13:06:40Z,1
2025-01-13T13:07:40Z,0
2025-01-13T13:08:40Z,1
2025-01-13T13:09:40Z,0
2025-01-13T13:10:40Z,1
2025-01-13T13:11:40Z,0
2025-01-13T13:12:40Z,1
2025-01-13T13:13:40Z,0
2025-01-13T13:14:40Z,1
2025-01-13T13:15:40Z,0
2025-01-13T13:16:40Z,1
2025-01-13T13:17:40Z,0
2025-01-13T13:18:40Z,1
2025-01-13T13:19:40Z,0
2025-01-13T13:20:40Z,1
2025-01-13T13:21:40Z,0
2025-01-13T13:22:40Z,1
2025-01-13T13:23:40Z,0
2025-01-13T13:24:40Z,1
2025-01-13T13:25:40Z,0
2025-01-13T13:26:40Z,1
2025-01-13T13:27:40Z,0
2025-01-13T13:28:40Z,1
2025-01-13T13:29:40Z,0
2025-01-13T13:30:40Z,1
2025-01-13T13:31:40Z,0
2025-01-13T13:32:40Z,1
2025-01-13T13:33:40Z,0
2025-01-13T13:34:40Z,1
2025-01-13T13:35:40Z,0
2025-01-13T13:36:40Z,1
2025-01-13T13:37:40Z,0
2025-01-13T13:38:40Z,1
2025-01-13T13:39:40Z,0
2025-01-13T13:40:40Z,1
2025-01-13T13:41:40Z,0
2025-01-13T13:42:40Z,1
2025-01-13T13:43:40Z,0
2025-01-13T13:44:40Z,1
2025-01-13T13:45:40Z,0
2025-01-13T13:46:40Z,1
2025-01-13T13:47:40Z,0
2025-01-13T13:48:40Z,1
2025-01-13T13:49:40Z,0
2025-01-13T13:50:40Z,1
2025-01-13T13:51:40Z,0
2025-01-13T13:52:40Z,1
2025-01-13T13:53:40Z,0
2025-01-13T13:54:40Z,1
2025-01-13T13:55:40Z,0
2025-01-13T13:56:40Z,1
2025-01-13T13:57:40Z,0
2025-01-13T13:58:40Z,1
2025-01-13T13:59:40Z,0
2025-01-13T14:00:40Z,1
2025-01-13T14:01:40Z,0
2025-01-13T14:02:40Z,1
2025-01-13T14:03:40Z,0
2025-01-13T14:04:40Z,1
2025-01-13T14:05:40Z,0
2025-01-13T14:06:40Z,1
2025-01-13T14:07:40Z,0
2025-01-13T14:08:40Z,1
2025-01-13T14:09:40Z,0
2025-01-13T14:10:40Z,1
2025-01-13T14:11:40Z,0
2025-01-13T14:12:40Z,1
2025-01-13T14:13:40Z,0
2025-01-13T14:14:40Z,1
2025-01-13T14:15:40Z,0
2025-01-13T14:16:40Z,1
2025-01-13T14:17:40Z,0
2025-01-13T14:18:40Z,1
2025-01-13T14:19:40Z,0
2025-01-13T14:20:40Z,1
2025-01-13T14:21:40Z,0
2025-01-13T14:22:40Z,1
2025-01-13T14:23:40Z,0
2025-01-13T14:24:40Z,1
2025-01-13T14:25:40Z,0
2025-01-13T14:26:40Z,1
2025-01-13T14:27:40Z,0
2025-01-13T14:28:40Z,1
2025-01-13T14:29:40Z,0
2025-01-13T14:30:40Z,1
2025-01-13T14:31:40Z,0
2025-01-13T14:32:40Z,1
2025-01-13T14:33:40Z,0
2025-01-13T14:34:40Z,1
2025-01-13T14:35:40Z,0
2025-01-13T14:36:40Z,1
2025-01-13T14:37:40Z,0
2025-01-13T14:38:40Z,1
2025-01-13T14:39:40Z,0
2025-01-13T14:40:40Z,1
2025-01-13T14:41:40Z,0
2025-01-13T14:42:40Z,1
2025-01-13T14:43:40Z,0
2025-01-13T14:44:40Z,1
2025-01-13T14:45:40Z,0
2025-01-13T14:46:40Z,1
2025-01-13T14:47:40Z,0
2025-01-13T14:48:40Z,1
2025-01-13T14:49:40Z,0
2025-01-13T14:50:40Z,1
2025-01-13T14:51:40Z,0
2025-01-13T14:52:40Z,1
2025-01-13T14:53:40Z,0
2025-01-13T14:54:40Z,1
2025-01-13T14:55:40Z,0
2025-01-13T14:56:40Z,1
2025-01-13T14:57:40Z,0
2025-01-13T14:58:40Z,1
2025-01-13T14:59:40Z,0
2025-01-13T15:00:40Z,1
2025-01-13T15:01:40Z,0
2025-01-13T15:02:40Z,1
2025-01-13T15:03:40Z,0
2025-01-13T15:04:40Z,1
2025-01-13T15:05:40Z,0
2025-01-13T15:06:40Z,1
2025-01-13T15:07:40Z,0
2025-01-13T15:08:40Z,1
2025-01-13T15:09:40Z,0
2025-01-13T15:10:40Z,1
2025-01-13T15:11:40Z,0
2025-01-13T15:12:40Z,1
2025-01-13T15:13:40Z,0
2025-01-13T15:14:40Z,1
2025-01-13T15:15:40Z,0
2025-01-13T15:16:40Z,1
2025-01-13T15:17:40Z,0
2025-01-13T15:18:40Z,1
2025-01-13T15:19:40Z,0
2025-01-13T15:20:40Z,1
2025-01-13T15:21:40Z,0
2025-01-13T15:22:40Z,1
2025-01-13T15:23:40Z,0
2025-01-13T15:24:40Z,1
2025-01-13T15:25:40Z,0
2025-01-13T15:26:40Z,1
2025-01-13T15:27:40Z,0
2025-01-13T15:28:40Z,1
2025-01-13T15:29:40Z,0
2025-01-13T15:30:40Z,1
2025-01-13T15:31:40Z,0
2025-01-13T15:32:40Z,1
2025-01-13T15:33:40Z,0
2025-01-13T15:34:40Z,1
2025-01-13T15:35:40Z,0
2025-01-13T15:36:40Z,1
2025-01-13T15:37:40Z,0
2025-01-13T15:38:40Z,1
2025-01-13T15:39:40Z,0
2025-01-13T15:40:40Z,1
2025-01-13T15:41:40Z,0
2025-01-13T15:42:40Z,1
2025-01-13T15:43:40Z,0
2025-01-13T15:44:40Z,1
2025-01-13T15:45:40Z,0
2025-01-13T15:46:40Z,1
2025-01-13T15:47:40Z,0
2025-01-13T15:48:40Z,1
2025-01-13T15:49:40Z,0
2025-01-13T15:50:40Z,1
2025-01-13T15:51:40Z,0
2025-01-13T15:52:40Z,1
2025-01-13T15:53:40Z,0
2025-01-13T15:54:40Z,1
2025-01-13T15:55:40Z,0
2025-01-13T15:56:40Z,1
2025-01-13T15:57:40Z,0
2025-01-13T15:58:40Z,1
2025-01-13T15:59:40Z,0
2025-01-13T16:00:40Z,1
2025-01-13T16:01:40Z,0
2025-01-13T16:02:40Z,1
2025-01-13T16:03:40Z,0
2025-01-13T16:04:40Z,1
2025-01-13T16:05:40Z,0
2025-01-13T16:06:40Z,1
2025-01-13T16:07:40Z,0
2025-01-13T16:08:40Z,1
2025-01-13T16:09:40Z,0
2025-01-13T16:10:40Z,1
2025-01-13T16:11:40Z,0
2025-01-13T16:12:40Z,1
2025-01-13T16:13:40Z,0
2025-01-13T16:14:40Z,1
2025-01-13T16:15:40Z,0
2025-01-13T16:16:40Z,1
2025-01-13T16:17:40Z,0
2025-01-13T16:18:40Z,1
2025-01-13T16:19:40Z,0
2025-01-13T16:20:40Z,1
2025-01-13T16:21:40Z,0
2025-01-13T16:22:40Z,1
2025-01-13T16:23:40Z,0
2025-01-13T16:24:40Z,1
2025-01-13T16:25:40Z,0
2025-01-13T16:26:40Z,1
2025-01-13T16:27:40Z,0
2025-01-13T16:28:40Z,1
2025-01-13T16:29:40Z,0
2025-01-13T16:30:40Z,1
2025-01-13T16:31:40Z,0
2025-01-13T16:32:40Z,1
2025-01-13T16:33:40Z,0
2025-01-13T16:34:40Z,1
2025-01-13T16:35:40Z,0
2025-01-13T16:36:40Z,1
2025-01-13T16:37:40Z,0
2025-01-13T16:38:40Z,1
2025-01-13T16:39:40Z,0
2025-01-13T16:40:40Z,1
2025-01-13T16:41:40Z,0
2025-01-13T16:42:40Z,1
2025-01-13T16:43:40Z,0
2025-01-13T16:44:40Z,1
2025-01-13T16:45:40Z,0
2025-01-13T16:46:40Z,1
2025-01-13T16:47:40Z,0
2025-01-13T16:48:40Z,1
2025-01-13T16:49:40Z,0
2025-01-13T16:50:40Z,1
2025-01-13T16:51:40Z,0
2025-01-13T16:52:40Z,1
2025-01-13T16:53:40Z,0
2025-01-13T16:54:40Z,1
2025-01-13T16:55:40Z,0
2025-01-13T16:56:40Z,1
2025-01-13T16:57:40Z,0
2025-01-13T16:58:40Z,1
2025-01-13T16:59:40Z,0
2025-01-13T17:00:40Z,1
2025-01-13T17:01:40Z,0
2025-01-13T17:02:40Z,1
2025-01-13T17:03:40Z,0
2025-01-13T17:04:40Z,1
2025-01-13T17:05:40Z,0
2025-01-13T17:06:40Z,1
2025-01-13T17:07:40Z,0
2025-01-13T17:08:40Z,1
2025-01-13T17:09:40Z,0
2025-01-13T17:10:40Z,1
2025-01-13T17:11:40Z,0
2025-01-13T17:12:40Z,1
2025-01-13T17:13:40Z,0
2025-01-13T17:14:40Z,1
2025-01-13T17:15:40Z,0
2025-01-13T17:16:40Z,1
2025-01-13T17:17:40Z,0
2025-01-13T17:18:40Z,1
2025-01-13T17:19:40Z,0
2025-01-13T17:20:40Z,1
2025-01-13T17:21:40Z,0
2025-01-13T17:22:40Z,1
2025-01-13T17:23:40Z,0
2025-01-13T17:24:40Z,1
2025-01-13T17:25:40Z,0
2025-01-13T17:26:40Z,1
2025-01-13T17:27:40Z,0
2025-01-13T17:28:40Z,1
2025-01-13T17:29:40Z,0
2025-01-13T17:30:40Z,1
2025-01-13T17:31:40Z,0
2025-01-13T17:32:40Z,1
2025-01-13T17:33:40Z,0
2025-01-13T17:34:40Z,1
2025-01-13T17:35:40Z,0
2025-01-13T17:36:40Z,1
2025-01-13T17:37:40Z,0
2025-01-13T17:38:40Z,1
2025-01-13T17:39:40Z,0
2025-01-13T17:40:40Z,1
2025-01-13T17:41:40Z,0
2025-01-13T17:42:40Z,1
2025-01-13T17:43:40Z,0
2025-01-13T17:44:40Z,1
2025-01-13T17:45:40Z,0
2025-01-13T17:46:40Z,1
2025-01-13T17:47:40Z,0
2025-01-13T17:48:40Z,1
2025-01-13T17:49:40Z,0
2025-01-13T17:50:40Z,1
2025-01-13T17:51:40Z,0
2025-01-13T17:52:40Z,1
2025-01-13T17:53:40Z,0
2025-01-13T17:54:40Z,1
2025-01-13T17:55:40Z,0
2025-01-13T17:56:40Z,1
2025-01-13T17:57:40Z,0
2025-01-13T17:58:40Z,1
2025-01-13T17:59:40Z,0
2025-01-13T18:00:40Z,1
2025-01-13T18:01:40Z,0
2025-01-13T18:02:40Z,1
2025-01-13T18:03:40Z,0
2025-01-13T18:04:40Z,1
2025-01-13T18:05:40Z,0
2025-01-13T18:06:40Z,1
2025-01-13T18:07:40Z,0
2025-01-13T18:08:40Z,1
2025-01-13T18:09:40Z,0
2025-01-13T18:10:40Z,1
2025-01-13T18:11:40Z,0
2025-01-13T18:12:40Z,1
2025-01-13T18:13:40Z,0
2025-01-13T18:14:40Z,1
2025-01-13T18:15:40Z,0
2025-01-13T18:16:40Z,1
2025-01-13T18:17:40Z,0
2025-01-13T18:18:40Z,1
2025-01-13T18:19:40Z,0
2025-01-13T18:20:40Z,1
2025-01-13T18:21:40Z,0
2025-01-13T18:22:40Z,1
2025-01-13T18:23:40Z,0
2025-01-13T18:24:40Z,1
2025-01-13T18:25:40Z,0
2025-01-13T18:26:40Z,1
2025-01-13T18:27:40Z,0
2025-01-13T18:28:40Z,1
2025-01-13T18:29:40Z,0
2025-01-13T18:30:40Z,1
2025-01-13T18:31:40Z,0
2025-01-13T18:32:40Z,1
2025-01-13T18:33:40Z,0
2025-01-13T18:34:40Z,1
2025-01-13T18:35:40Z,0
2025-01-13T18:36:40Z,1
2025-01-13T18:37:40Z,0
2025-01-13T18:38:40Z,1
2025-01-13T18:39:40Z,0
2025-01-13T18:40:40Z,1
2025-01-13T18:41:40Z,0
2025-01-13T18:42:40Z,1
2025-01-13T18:43:40Z,0
2025-01-13T18:44:40Z,1
2025-01-13T18:45:40Z,0
2025-01-13T18:46:40Z,1
2025-01-13T18:47:40Z,0
2025-01-13T18:48:40Z,1
2025-01-13T18:49:40Z,0
2025-01-13T18:50:40Z,1
2025-01-13T18:51:40Z,0
2025-01-13T18:52:40Z,1
2025-01-13T18:53:40Z,0
2025-01-13T18:54:40Z,1
2025-01-13T18:55:40Z,0
2025-01-13T18:56:40Z,1
2025-01-13T18:57:40Z,0
2025-01-13T18:58:40Z,1
2025-01-13T18:59:40Z,0
2025-01-13T19:00:40Z,1
2025-01-13T19:01:40Z,0
2025-01-13T19:02:40Z,1
2025-01-13T19:03:40Z,0
2025-01-13T19:04:40Z,1
2025-01-13T19:05:40Z,0
2025-01-13T19:06:40Z,1
2025-01-13T19:07:40Z,0
2025-01-13T19:08:40Z,1
2025-01-13T19:09:40Z,0
2025-01-13T19:10:40Z,1
2025-01-13T19:11:40Z,0
2025-01-13T19:12:40Z,1
2025-01-13T19:13:40Z,0
2025-01-13T19:14:40Z,1
2025-01-13T19:15:40Z,0
2025-01-13T19:16:40Z,1
2025-01-13T19:17:40Z,0
2025-01-13T19:18:40Z,1
2025-01-13T19:19:40Z,0
2025-01-13T19:20:40Z,1
2025-01-13T19:21:40Z,0
2025-01-13T19:22:40Z,1
2025-01-13T19:23:40Z,0
2025-01-13T19:24:40Z,1
2025-01-13T19:25:40Z,0
2025-01-13T19:26:40Z,1
2025-01-13T19:27:40Z,0
2025-01-13T19:28:40Z,1
2025-01-13T19:29:40Z,0
2025-01-13T19:30:40Z,1
2025-01-13T19:31:40Z,0
2025-01-13T19:32:40Z,1
2025-01-13T19:33:40Z,0
2025-01-13T19:34:40Z,1
2025-01-13T19:35:40Z,0
2025-01-13T19:36:40Z,1
2025-01-13T19:37:40Z,0
2025-01-13T19:38:40Z,1
2025-01-13T19:39:40Z,0
2025-01-13T19:40:40Z,1
2025-01-13T19:41:40Z,0
2025-01-13T19:42:40Z,1
2025-01-13T19:43:40Z,0
2025-01-13T19:44:40Z,1
2025-01-13T19:45:40Z,0
2025-01-13T19:46:40Z,1
2025-01-13T19:47:40Z,0
2025-01-13T19:48:40Z,1
2025-01-13T19:49:40Z,0
2025-01-13T19:50:40Z,1
2025-01-13T19:51:40Z,0
2025-01-13T19:52:40Z,1
2025-01-13T19:53:40Z,0
2025-01-13T19:54:40Z,1
2025-01-13T19:55:40Z,0
2025-01-13T19:56:40Z,1
2025-01-13T19:57:40Z,0
2025-01-13T19:58:40Z,1
2025-01-13T19:59:40Z,0
2025-01-13T20:00:40Z,1
2025-01-13T20:01:40Z,0
2025-01-13T20:02:40Z,1
2025-01-13T20:03:40Z,0
2025-01-13T20:04:40Z,1
2025-01-13T20:05:40Z,0
2025-01-13T20:06:40Z,1
2025-01-13T20:07:40Z,0
2025-01-13T20:08:40Z,1
2025-01-13T20:09:40Z,0
2025-01-13T20:10:40Z,1
2025-01-13T20:11:40Z,0
2025-01-13T20:12:40Z,1
2025-01-13T20:13:40Z,0
2025-01-13T20:14:40Z,1
2025-01-13T20:15:40Z,0
2025-01-13T20:16:40Z,1
2025-01-13T20:17:40Z,0
2025-01-13T20:18:40Z,1
2025-01-13T20:19:40Z,0
2025-01-13T20:20:40Z,1
2025-01-13T20:21:40Z,0
2025-01-13T20:22:40Z,1
2025-01-13T20:23:40Z,0
2025-01-13T20:24:40Z,1
2025-01-13T20:25:40Z,0
2025-01-13T20:26:40Z,1
2025-01-13T20:27:40Z,0
2025-01-13T20:28:40Z,1
2025-01-13T20:29:40Z,0
2025-01-13T20:30:40Z,1
2025-01-13T20:31:40Z,0
2025-01-13T20:32:40Z,1
2025-01-13T20:33:40Z,0
2025-01-13T20:34:40Z,1
2025-01-13T20:35:40Z,0
2025-01-13T20:36:40Z,1
2025-01-13T20:37:40Z,0
2025-01-13T20:38:40Z,1
2025-01-13T20:39:40Z,0
2025-01-13T20:40:40Z,1
2025-01-13T20:41:40Z,0
2025-01-13T20:42:40Z,1
2025-01-13T20:43:40Z,0
2025-01-13T20:44:40Z,1
2025-01-13T20:45:40Z,0
2025-01-13T20:46:40Z,1
2025-01-13T20:47:40Z,0
2025-01-13T20:48:40Z,1
2025-01-13T20:49:40Z,0
2025-01-13T20:50:40Z,1
2025-01-13T20:51:40Z,0
2025-01-13T20:52:40Z,1
2025-01-13T20:53:40Z,0
2025-01-13T20:54:40Z,1
2025-01-13T20:55:40Z,0
2025-01-13T20:56:40Z,1
2025-01-13T20:57:40Z,0
2025-01-13T20:58:40Z,1
2025-01-13T20:59:40Z,0
2025-01-13T21:00:40Z,1
2025-01-13T21:01:40Z,0
2025-01-13T21:02:40Z,1
2025-01-13T21:03:40Z,0
2025-01-13T21:04:40Z,1
2025-01-13T21:05:40Z,0
2025-01-13T21:06:40Z,1
2025-01-13T21:07:40Z,0
2025-01-13T21:08:40Z,1
2025-01-13T21:09:40Z,0
2025-01-13T21:10:40Z,1
2025-01-13T21:11:40Z,0
2025-01-13T21:12:40Z,1
2025-01-13T21:13:40Z,0
2025-01-13T21:14:40Z,1
2025-01-13T21:15:40Z,0
2025-01-13T21:16:40Z,1
2025-01-13T21:17:40Z,0
2025-01-13T21:18:40Z,1
2025-01-13T21:19:40Z,0
2025-01-13T21:20:40Z,1
2025-01-13T21:21:40Z,0
2025-01-13T21:22:40Z,1
2025-01-13T21:23:40Z,0
2025-01-13T21:24:40Z,1
2025-01-13T21:25:40Z,0
2025-01-13T21:26:40Z,1
2025-01-13T21:27:40Z,0
2025-01-13T21:28:40Z,1
2025-01-13T21:29:40Z,0
2025-01-13T21:30:40Z,1
2025-01-13T21:31:40Z,0
2025-01-13T21:32:40Z,1
2025-01-13T21:33:40Z,0
2025-01-13T21:34:40Z,1
2025-01-13T21:35:40Z,0
2025-01-13T21:36:40Z,1
2025-01-13T21:37:40Z,0
2025-01-13T21:38:40Z,1
2025-01-13T21:39:40Z,0
2025-01-13T21:40:40Z,1
2025-01-13T21:41:40Z,0
2025-01-13T21:42:40Z,1
2025-01-13T21:43:40Z,0
2025-01-13T21:44:40Z,1
2025-01-13T21:45:40Z,0
2025-01-13T21:46:40Z,1
2025-01-13T21:47:40Z,0
2025-01-13T21:48:40Z,1
2025-01-13T21:49:40Z,0
2025-01-13T21:50:40Z,1
2025-01-13T21:51:40Z,0
2025-01-13T21:52:40Z,1
2025-01-13T21:53:40Z,0
2025-01-13T21:54:40Z,1
2025-01-13T21:55:40Z,0
2025-01-13T21:56:40Z,1
2025-01-13T21:57:40Z,0
2025-01-13T21:58:40Z,1
2025-01-13T21:59:40Z,0
2025-01-13T22:00:40Z,1
2025-01-13T22:01:40Z,0
2025-01-13T22:02:40Z,1
2025-01-13T22:03:40Z,0
2025-01-13T22:04:40Z,1
2025-01-13T22:05:40Z,0
2025-01-13T22:06:40Z,1
2025-01-13T22:07:40Z,0
2025-01-13T22:08:40Z,1
2025-01-13T22:09:40Z,0
2025-01-13T22:10:40Z,1
2025-01-13T22:11:40Z,0
2025-01-13T22:12:40Z,1
2025-01-13T22:13:40Z,0
2025-01-13T22:14:40Z,1
2025-01-13T22:15:40Z,0
2025-01-13T22:16:40Z,1
2025-01-13T22:17:40Z,0
2025-01-13T22:18:40Z,1
2025-01-13T22:19:40Z,0
2025-01-13T22:20:40Z,1
2025-01-13T22:21:40Z,0
2025-01-13T22:22:40Z,1
2025-01-13T22:23:40Z,0
2025-01-13T22:24:40Z,1
2025-01-13T22:25:40Z,0
2025-01-13T22:26:40Z,1
2025-01-13T22:27:40Z,0
2025-01-13T22:28:40Z,1
2025-01-13T22:29:40Z,0
2025-01-13T22:30:40Z,1
2025-01-13T22:31:40Z,0
2025-01-13T22:32:40Z,1
2025-01-13T22:33:40Z,0
2025-01-13T22:34:40Z,1
2025-01-13T22:35:40Z,0
2025-01-13T22:36:40Z,1
2025-01-13T22:37:40Z,0
2025-01-13T22:38:40Z,1
2025-01-13T22:39:40Z,0
2025-01-13T22:40:40Z,1
2025-01-13T22:41:40Z,0
2025-01-13T22:42:40Z,1
2025-01-13T22:43:40Z,0
2025-01-13T22:44:40Z,1
2025-01-13T22:45:40Z,0
2025-01-13T22:46:40Z,1
2025-01-13T22:47:40Z,0
2025-01-13T22:48:40Z,1
2025-01-13T22:49:40Z,0
2025-01-13T22:50:40Z,1
2025-01-13T22:51:40Z,0
2025-01-13T22:52:40Z,1
2025-01-13T22:53:40Z,0
2025-01-13T22:54:40Z,1
2025-01-13T22:55:40Z,0
2025-01-13T22:56:40Z,1
2025-01-13T22:57:40Z,0
2025-01-13T22:58:40Z,1
2025-01-13T22:59:40Z,0
2025-01-13T23:00:40Z,1
2025-01-13T23:01:40Z,0
2025-01-13T23:02:40Z,1
2025-01-13T23:03:40Z,0
2025-01-13T23:04:40Z,1
2025-01-13T23:05:40Z,0
2025-01-13T23:06:40Z,1
2025-01-13T23:07:40Z,0
2025-01-13T23:08:40Z,1
2025-01-13T23:09:40Z,0
2025-01-13T23:10:40Z,1
2025-01-13T23:11:40Z,0
2025-01-13T23:12:40Z,1
2025-01-13T23:13:40Z,0
2025-01-13T23:14:40Z,1
2025-01-13T23:15:40Z,0
2025-01-13T23:16:40Z,1
2025-01-13T23:17:40Z,0
2025-01-13T23:18:40Z,1
2025-01-13T23:19:40Z,0
2025-01-13T23:20:40Z,1
2025-01-13T23:21:40Z,0
2025-01-13T23:22:40Z,1
2025-01-13T23:23:40Z,0
2025-01-13T23:24:40Z,1
2025-01-13T23:25:40Z,0
2025-01-13T23:26:40Z,1
2025-01-13T23:27:40Z,0
2025-01-13T23:28:40Z,1
2025-01-13T23:29:40Z,0
2025-01-13T23:30:40Z,1
2025-01-13T23:31:40Z,0
2025-01-13T23:32:40Z,1
2025-01-13T23:33:40Z,0
2025-01-13T23:34:40Z,1
2025-01-13T23:35:40Z,0
2025-01-13T23:36:40Z,1
2025-01-13T23:37:40Z,0
2025-01-13T23:38:40Z,1
2025-01-13T23:39:40Z,0
2025-01-13T23:40:40Z,1
2025-01-13T23:41:40Z,0
2025-01-13T23:42:40Z,1
2025-01-13T23:43:40Z,0
2025-01-13T23:44:40Z,1
2025-01-13T23:45:40Z,0
2025-01-13T23:46:40Z,1
2025-01-13T23:47:40Z,0
2025-01-13T23:48:40Z,1
2025-01-13T23:49:40Z,0
2025-01-13T23:50:40Z,1
2025-01-13T23:51:40Z,0
2025-01-13T23:52:40Z,1
2025-01-13T23:53:40Z,0
2025-01-13T23:54:40Z,1
2025-01-13T23:55:40Z,0
2025-01-13T23:56:40Z,1
2025-01-13T23:57:40Z,0
2025-01-13T23:58:40Z,1
2025-01-13T23:59:40Z,0
2025-01-14T00:00:40Z,1
2025-01-14T00:01:40Z,0
2025-01-14T00:02:40Z,1
2025-01-14T00:03:40Z,0
2025-01-14T00:04:40Z,1
2025-01-14T00:05:40Z,0
2025-01-14T00:06:40Z,1
2025-01-14T00:07:40Z,0
2025-01-14T00:08:40Z,1
2025-01-14T00:09:40Z,0
2025-01-14T00:10:40Z,1
2025-01-14T00:11:40Z,0
2025-01-14T00:12:40Z,1
2025-01-14T00:13:40Z,0
2025-01-14T00:14:40Z,1
2025-01-14T00:15:40Z,0
2025-01-14T00:16:40Z,1
2025-01-14T00:17:40Z,0
2025-01-14T00:18:40Z,1
2025-01-14T00:19:40Z,0
2025-01-14T00:20:40Z,1
2025-01-14T00:21:40Z,0
2025-01-14T00:22:40Z,1
2025-01-14T00:23:40Z,0
2025-01-14T00:24:40Z,1
2025-01-14T00:25:40Z,0
2025-01-14T00:26:40Z,1
2025-01-14T00:27:40Z,0
2025-01-14T00:28:40Z,1
2025-01-14T00:29:40Z,0
2025-01-14T00:30:40Z,1
2025-01-14T00:31:40Z,0
2025-01-14T00:32:40Z,1
2025-01-14T00:33:40Z,0
2025-01-14T00:34:40Z,1
2025-01-14T00:35:40Z,0
2025-01-14T00:36:40Z,1
2025-01-14T00:37:40Z,0
2025-01-14T00:38:40Z,1
2025-01-14T00:39:40Z,0
2025-01-14T00:40:40Z,1
2025-01-14T00:41:40Z,0
2025-01-14T00:42:40Z,1
2025-01-14T00:43:40Z,0
2025-01-14T00:44:40Z,1
2025-01-14T00:45:40Z,0
2025-01-14T00:46:40Z,1
2025-01-14T00:47:40Z,0
2025-01-14T00:48:40Z,1
2025-01-14T00:49:40Z,0
2025-01-14T00:50:40Z,1
2025-01-14T00:51:40Z,0
2025-01-14T00:52:40Z,1
2025-01-14T00:53:40Z,0
2025-01-14T00:54:40Z,1
2025-01-14T00:55:40Z,0
2025-01-14T00:56:40Z,1
2025-01-14T00:57:40Z,0
2025-01-14T00:58:40Z,1
2025-01-14T00:59:40Z,0
2025-01-14T01:00:40Z,1
2025-01-14T01:01:40Z,0
2025-01-14T01:02:40Z,1
2025-01-14T01:03:40Z,0
2025-01-14T01:04:40Z,1
2025-01-14T01:05:40Z,0
2025-01-14T01:06:40Z,1
2025-01-14T01:07:40Z,0
2025-01-14T01:08:40Z,1
2025-01-14T01:09:40Z,0
2025-01-14T01:10:40Z,1
2025-01-14T01:11:40Z,0
2025-01-14T01:12:40Z,1
2025-01-14T01:13:40Z,0
2025-01-14T01:14:40Z,1
2025-01-14T01:15:40Z,0
2025-01-14T01:16:40Z,1
2025-01-14T01:17:40Z,0
2025-01-14T01:18:40Z,1
2025-01-14T01:19:40Z,0
2025-01-14T01:20:40Z,1
2025-01-14T01:21:40Z,0
2025-01-14T01:22:40Z,1
2025-01-14T01:23:40Z,0
2025-01-14T01:24:40Z,1
2025-01-14T01:25:40Z,0
2025-01-14T01:26:40Z,1
2025-01-14T01:27:40Z,0
2025-01-14T01:28:40Z,1
2025-01-14T01:29:40Z,0
2025-01-14T01:30:40Z,1
2025-01-14T01:31:40Z,0
2025-01-14T01:32:40Z,1
2025-01-14T01:33:40Z,0
2025-01-14T01:34:40Z,1
2025-01-14T01:35:40Z,0
2025-01-14T01:36:40Z,1
2025-01-14T01:37:40Z,0
2025-01-14T01:38:40Z,1
2025-01-14T01:39:40Z,0
2025-01-14T01:40:40Z,1
2025-01-14T01:41:40Z,0
2025-01-14T01:42:40Z,1
2025-01-14T01:43:40Z,0
2025-01-14T01:44:40Z,1
2025-01-14T01:45:40Z,0
2025-01-14T01:46:40Z,1
2025-01-14T01:47:40Z,0
2025-01-14T01:48:40Z,1
2025-01-14T01:49:40Z,0
2025-01-14T01:50:40Z,1
2025-01-14T01:51:40Z,0
2025-01-14T01:52:40Z,1
2025-01-14T01:53:40Z,0
2025-01-14T01:54:40Z,1
2025-01-14T01:55:40Z,0
2025-01-14T01:56:40Z,1
2025-01-14T01:57:40Z,0
2025-01-14T01:58:40Z,1
2025-01-14T01:59:40Z,0
2025-01-14T02:00:40Z,1
2025-01-14T02:01:40Z,0
2025-01-14T02:02:40Z,1
2025-01-14T02:03:40Z,0
2025-01-14T02:04:40Z,1
2025-01-14T02:05:40Z,0
2025-01-14T02:06:40Z,1
2025-01-14T02:07:40Z,0
2025-01-14T02:08:40Z,1
2025-01-14T02:09:40Z,0
2025-01-14T02:10:40Z,1
2025-01-14T02:11:40Z,0
2025-01-14T02:12:40Z,1
2025-01-14T02:13:40Z,0
2025-01-14T02:14:40Z,1
2025-01-14T02:15:40Z,0
2025-01-14T02:16:40Z,1
2025-01-14T02:17:40Z,0
2025-01-14T02:18:40Z,1
2025-01-14T02:19:40Z,0
2025-01-14T02:20:40Z,1
2025-01-14T02:21:40Z,0
2025-01-14T02:22:40Z,1
2025-01-14T02:23:40Z,0
2025-01-14T02:24:40Z,1
2025-01-14T02:25:40Z,0
2025-01-14T02:26:40Z,1
2025-01-14T02:27:40Z,0
2025-01-14T02:28:40Z,1
2025-01-14T02:29:40Z,0
2025-01-14T02:30:40Z,1
2025-01-14T02:31:40Z,0
2025-01-14T02:32:40Z,1
2025-01-14T02:33:40Z,0
2025-01-14T02:34:40Z,1
2025-01-14T02:35:40Z,0
2025-01-14T02:36:40Z,1
2025-01-14T02:37:40Z,0
2025-01-14T02:38:40Z,1
2025-01-14T02:39:40Z,0
2025-01-14T02:40:40Z,1
2025-01-14T02:41:40Z,0
2025-01-14T02:42:40Z,1
2025-01-14T02:43:40Z,0
2025-01-14T02:44:40Z,1
2025-01-14T02:45:40Z,0
2025-01-14T02:46:40Z,1
2025-01-14T02:47:40Z,0
2025-01-14T02:48:40Z,1
2025-01-14T02:49:40Z,0
2025-01-14T02:50:40Z,1
2025-01-14T02:51:40Z,0
2025-01-14T02:52:40Z,1
2025-01-14T02:53:40Z,0
2025-01-14T02:54:40Z,1
2025-01-14T02:55:40Z,0
2025-01-14T02:56:40Z,1
2025-01-14T02:57:40Z,0
2025-01-14T02:58:40Z,1
2025-01-14T02:59:40Z,0
2025-01-14T03:00:40Z,1
2025-01-14T03:01:40Z,0
2025-01-14T03:02:40Z,1
2025-01-14T03:03:40Z,0
2025-01-14T03:04:40Z,1
2025-01-14T03:05:40Z,0
2025-01-14T03:06:40Z,1
2025-01-14T03:07:40Z,0
2025-01-14T03:08:40Z,1
2025-01-14T03:09:40Z,0
2025-01-14T03:10:40Z,1
2025-01-14T03:11:40Z,0
2025-01-14T03:12:40Z,1
2025-01-14T03:13:40Z,0
2025-01-14T03:14:40Z,1
2025-01-14T03:15:40Z,0
2025-01-14T03:16:40Z,1
2025-01-14T03:17:40Z,0
2025-01-14T03:18:40Z,1
2025-01-14T03:19:40Z,0
2025-01-14T03:20:40Z,1
2025-01-14T03:21:40Z,0
2025-01-14T03:22:40Z,1
2025-01-14T03:23:40Z,0
2025-01-14T03:24:40Z,1
2025-01-14T03:25:40Z,0
2025-01-14T03:26:40Z,1
2025-01-14T03:27:40Z,0
2025-01-14T03:28:40Z,1
2025-01-14T03:29:40Z,0
2025-01-14T03:30:40Z,1
2025-01-14T03:31:40Z,0
2025-01-14T03:32:40Z,1
2025-01-14T03:33:40Z,0
2025-01-14T03:34:40Z,1
2025-01-14T03:35:40Z,0
2025-01-14T03:36:40Z,1
2025-01-14T03:37:40Z,0
2025-01-14T03:38:40Z,1
2025-01-14T03:39:40Z,0
2025-01-14T03:40:40Z,1
2025-01-14T03:41:40Z,0
2025-01-14T03:42:40Z,1
2025-01-14T03:43:40Z,0
2025-01-14T03:44:40Z,1
2025-01-14T03:45:40Z,0
2025-01-14T03:46:40Z,1
2025-01-14T03:47:40Z,0
2025-01-14T03:48:40Z,1
2025-01-14T03:49:40Z,0
2025-01-14T03:50:40Z,1
2025-01-14T03:51:40Z,0
2025-01-14T03:52:40Z,1
2025-01-14T03:53:40Z,0
2025-01-14T03:54:40Z,1
2025-01-14T03:55:40Z,0
2025-01-14T03:56:40Z,1
2025-01-14T03:57:40Z,0
